Бригада;Компетенции;Оборудование;;Транспорт
Бригада Арташкин;Ремонт, Подключение;Оборудование для ремонта, Оборудование для подключения, Оборудование для FMC;;Автомобиль
Бригада Белузин;Аварийные работы, Ремонт, Подключение;Оборудование для аварийных работ, Оборудование для ремонта, Оборудование для подключения,Оборудование для FTTB;;Автомобиль
Бригада Гусаковский;Ремонт, Подключение;Оборудование для ремонта, Оборудование для подключения;;Велосипед
Бригада Зверев;Ремонт, Подключение;Оборудование для ремонта, Оборудование для подключения;;Пешеход
Бригада Каушнян;Аварийные работы, Подключение;Оборудование для аварийных работ, Оборудование для подключения;;Велосипед
Бригада Комарь;Ремонт, Подключение;Оборудование для ремонта, Оборудование для подключения, Оборудование для FMC;;Общественный транспорт
Бригада Матвеев;Ремонт, Подключение;Оборудование для ремонта, Оборудование для подключения;;Автомобиль
Бригада Мельников;Ремонт, Подключение;Оборудование для ремонта, Оборудование для подключения;;Общественный транспорт
Бригада Перов;Ремонт, Подключение;Оборудование для ремонта, Оборудование для подключения;;Велосипед
Бригада Попов;Ремонт, Подключение;Оборудование для ремонта;;Велосипед
Бригада Свеженцев;Аварийные работы, Ремонт;Оборудование для аварийных работ, Оборудование для ремонта;;Автомобиль
Бригада Соколов;Аварийные работы, Ремонт, Подключение;Оборудование для аварийных работ, Оборудование для ремонта, Оборудование для подключения, Оборудование для FTTB;;Общественный транспорт
;;;;
Район;;;;
Восток;;;;
